merchant_id,merchant_name,merchant_category,merchant_category_code,business_type,country,city,state,latitude,longitude,risk_category,historical_fraud_score,avg_transaction_amount,monthly_transaction_volume,accepts_international,is_high_risk_category,merchant_tenure_days,chargeback_rate,registered_date
MERCH_75465875,Virk-Dutt,LUXURY_GOODS,5999,PHYSICAL,IN,Nagpur,Maharashtra,21.241067771805838,79.1103077373574,LOW,0.1535,20532.27,10970,False,True,640,0.1317,2024-08-16
MERCH_5F8B8F8C,Craig-Swanson,FUEL,5541,HYBRID,IN,Delhi,Delhi,28.63482703698105,77.10983364744587,LOW,0.0168,43353.67,48618,True,False,2375,0.0419,2019-11-16
MERCH_EE0CCC7F,Gonzalez-Martinez,ENTERTAINMENT,7922,HYBRID,IN,Kolkata,West Bengal,22.586341441440062,88.35954345607605,LOW,0.1768,5165.36,11763,False,False,997,0.064,2023-08-25
MERCH_741ED078,"Wali, Sachdeva and Bhakta",EDUCATION,8299,HYBRID,IN,Kolkata,West Bengal,22.606782697249837,88.34837536060719,LOW,-0.0082,536.45,11308,False,False,655,0.0101,2024-08-01
MERCH_31E44E3B,Butler PLC,GROCERY,5411,ONLINE,IN,Amritsar,Punjab,31.60329747912446,74.90007872305686,LOW,0.0595,6701.32,39959,False,False,2096,0.0215,2020-08-21
MERCH_9C81F5D4,"Walters, Glover and Serrano",LUXURY_GOODS,5999,PHYSICAL,IN,Nagpur,Maharashtra,21.156732536396547,79.10970472458321,LOW,0.1887,12485.92,42001,False,True,1036,0.0976,2023-07-17
MERCH_AE7E2D88,"D’Alia, Dhar and Dey",UTILITY,4900,PHYSICAL,IN,Chennai,Tamil Nadu,13.142377821384787,80.24865410405101,LOW,-0.0042,27119.3,26519,False,False,32,0.0097,2026-04-16
MERCH_DF46995D,Schneider PLC,EDUCATION,8299,PHYSICAL,IN,Chandigarh,Punjab,30.682683865448027,76.77188110667072,LOW,-0.035,25207.31,32800,True,False,3108,0.0054,2017-11-13
MERCH_D15AC279,"Perez, Barry and Oliver",FUEL,5541,PHYSICAL,IN,Kochi,Kerala,9.996163482486077,76.2360826271235,LOW,0.0196,1291.4,31980,True,False,3478,0.0206,2016-11-08
MERCH_6CF4BD54,Mcdonald-Ochoa,ENTERTAINMENT,7922,HYBRID,IN,Chennai,Tamil Nadu,13.103646915119652,80.19021876772058,LOW,0.0784,32488.66,19840,False,False,1872,0.0321,2021-04-02
MERCH_F7B61506,"Raja, Datta and Amble",MONEY_TRANSFER,4829,PHYSICAL,IN,Nagpur,Maharashtra,21.150450694016712,79.06479329780898,LOW,0.1942,6607.66,3415,True,True,1065,0.1614,2023-06-18
MERCH_53A061ED,Halder Group,ELECTRONICS,5732,ONLINE,IN,Surat,Gujarat,21.10548628872434,72.91952059252691,LOW,0.1044,44363.62,28452,True,True,1562,0.0635,2022-02-06
MERCH_9FB2BBB7,Munoz LLC,TELECOM,4813,PHYSICAL,IN,Delhi,Delhi,28.598554312335494,77.24826884731709,LOW,0.0407,8380.68,6688,True,False,3587,0.0363,2016-07-22
MERCH_DE055728,"Dar, Brahmbhatt and Hayer",LUXURY_GOODS,5999,HYBRID,IN,Delhi,Delhi,28.62575774556663,77.26850308896135,MEDIUM,0.2859,1304.58,26488,False,True,131,0.2003,2026-01-07
MERCH_2B356868,Bumb-Krishna,EDUCATION,8299,HYBRID,IN,Lucknow,UP,26.91299787813685,80.98458300956588,LOW,-0.0507,24427.09,33733,True,False,1197,0.0128,2023-02-06
MERCH_8C4F18DA,"Talwar, Madan and Loyal",FUEL,5541,PHYSICAL,IN,Chennai,Tamil Nadu,13.044506488746542,80.34001678007145,LOW,0.0776,36599.35,41678,True,False,3408,0.0257,2017-01-17
MERCH_BF6B42E0,Bail-Bhavsar,CRYPTO_EXCHANGE,6051,ONLINE,IN,Bangalore,Karnataka,13.004977575544432,77.6021100206039,MEDIUM,0.3127,6733.81,27468,False,True,2556,0.3212,2019-05-19
MERCH_A47C3401,Hatfield-Holden,JEWELRY,5944,HYBRID,IN,Bhopal,MP,23.256300437635677,77.5238473775942,LOW,0.1521,128.29,4390,True,True,2270,0.0806,2020-02-29
MERCH_86AF5F00,Walters Inc,TELECOM,4813,HYBRID,IN,Bangalore,Karnataka,12.999484304298097,77.57420284515578,LOW,-0.1082,23034.35,22511,False,False,927,0.0444,2023-11-03
MERCH_738C8F1A,"Goel, Deo and Banik",TELECOM,4813,HYBRID,IN,Jaipur,Rajasthan,26.809633142706844,75.75538388823077,LOW,0.0308,37131.36,41437,False,False,2393,0.0308,2019-10-29
MERCH_CE7071C2,Chaudhuri Group,LUXURY_GOODS,5999,PHYSICAL,IN,Ahmedabad,Gujarat,22.973541930753946,72.54328455861977,MEDIUM,0.2012,24993.83,47516,False,True,956,0.0992,2023-10-05
MERCH_52CEF1A1,"Kulkarni, Bir and Mangal",TRAVEL,4722,ONLINE,IN,Jaipur,Rajasthan,26.821642428283575,75.75461619165307,LOW,0.1126,11025.73,16351,False,False,466,0.0392,2025-02-06
MERCH_C4DC99A4,Mercer-Charles,ELECTRONICS,5732,HYBRID,IN,Amritsar,Punjab,31.66036053438958,74.86225412227678,LOW,0.0369,8206.03,31584,False,True,1516,0.093,2022-03-24
MERCH_66740ABA,Bala Inc,HEALTHCARE,8099,PHYSICAL,IN,Delhi,Delhi,28.625396243571277,77.18246158414736,LOW,0.0379,23711.39,2055,False,False,1814,0.0174,2021-05-30
MERCH_0721A75F,"Williamson, Pearson and Bell",TRAVEL,4722,PHYSICAL,IN,Ahmedabad,Gujarat,22.982434892857498,72.52809032178925,LOW,0.1022,42487.56,18823,True,False,2022,0.0783,2020-11-03
MERCH_4A1F0D6A,Tapia LLC,HEALTHCARE,8099,PHYSICAL,IN,Kolkata,West Bengal,22.491057297226085,88.30963988238717,LOW,-0.0069,5122.93,5444,False,False,2479,0.0102,2019-08-04
MERCH_8ECE98BE,Montgomery-Mitchell,ENTERTAINMENT,7922,HYBRID,IN,Jammu,J&K,32.69100409775908,74.76427048572674,LOW,0.1314,204.15,11687,True,False,408,0.0396,2025-04-05
MERCH_58277426,Miles-Hensley,EDUCATION,8299,HYBRID,IN,Kochi,Kerala,9.956819024634024,76.28300382921756,LOW,-0.1143,15557.39,6601,True,False,2758,0.0108,2018-10-29
MERCH_D9FACE16,Patterson and Sons,RESTAURANT,5812,PHYSICAL,IN,Mumbai,Maharashtra,19.034718856081795,72.90379262010366,LOW,0.108,13439.78,19149,False,False,3394,0.0308,2017-01-31
MERCH_A567FA2C,"Manne, Kohli and Dhar",TRAVEL,4722,PHYSICAL,IN,Chennai,Tamil Nadu,13.052217641610188,80.24669518442596,LOW,0.0081,32208.85,45921,False,False,296,0.0598,2025-07-26
MERCH_AD478FB3,Daugherty Group,MONEY_TRANSFER,4829,ONLINE,IN,Surat,Gujarat,21.19842941808004,72.80017029815714,MEDIUM,0.2144,18001.72,33399,False,True,161,0.2884,2025-12-08
MERCH_AFBDA97B,Apte-Bhasin,UTILITY,4900,ONLINE,IN,Bhopal,MP,23.286501242051493,77.31941750549298,LOW,-0.0758,33346.14,13848,True,False,3335,0.0065,2017-03-31
MERCH_958FE295,Jaggi-Dugal,JEWELRY,5944,ONLINE,IN,Delhi,Delhi,28.650699572248215,77.25156132114243,MEDIUM,0.2451,7551.41,4863,True,True,355,0.1249,2025-05-28
MERCH_3D5323CC,Wells-Miller,HEALTHCARE,8099,PHYSICAL,IN,Ahmedabad,Gujarat,22.999007355258648,72.58150754864477,LOW,0.0542,32251.12,44066,False,False,2973,0.0218,2018-03-28
MERCH_8E181624,Austin-Hunt,CRYPTO_EXCHANGE,6051,ONLINE,IN,Jammu,J&K,32.732755874340825,74.84809241370051,MEDIUM,0.3785,42071.96,16576,False,True,2717,0.4594,2018-12-09
MERCH_096813A6,Marshall LLC,FASHION,5699,HYBRID,IN,Chandigarh,Punjab,30.768806042966617,76.73786709591357,LOW,0.0531,40807.48,48892,False,False,3240,0.0369,2017-07-04
MERCH_C1F3F7EF,Johnson LLC,HEALTHCARE,8099,PHYSICAL,IN,Kolkata,West Bengal,22.550664941257637,88.31403507811497,LOW,0.0404,49419.61,9760,True,False,60,0.0128,2026-03-19
MERCH_F598AEBA,Gopal PLC,TELECOM,4813,HYBRID,IN,Jaipur,Rajasthan,26.918320640259534,75.79998797953654,LOW,0.0592,560.33,23690,False,False,858,0.039,2024-01-11
MERCH_0B8F9699,Ramachandran Inc,EDUCATION,8299,HYBRID,IN,Lucknow,UP,26.899190207578837,80.95464869347795,LOW,0.078,34049.75,48320,False,False,41,0.0077,2026-04-07
MERCH_2472A706,Sengupta-Deep,UTILITY,4900,HYBRID,IN,Amritsar,Punjab,31.663630169904806,74.85757092832328,LOW,0.037,38508.62,47974,False,False,2448,0.0095,2019-09-04
MERCH_FBAF7E3F,Johnson Group,TRAVEL,4722,HYBRID,IN,Nagpur,Maharashtra,21.155084875659895,79.0263704496684,LOW,0.058,23778.43,27394,False,False,212,0.0848,2025-10-18
MERCH_28E3C4FD,Wagner-Serrano,MONEY_TRANSFER,4829,HYBRID,IN,Lucknow,UP,26.853344271010624,80.98484247134299,LOW,0.1866,44586.51,2586,False,True,3449,0.2921,2016-12-07
MERCH_2029EA2C,"Saraf, Khosla and Rastogi",LUXURY_GOODS,5999,ONLINE,IN,Chandigarh,Punjab,30.734271285220263,76.83154706631787,MEDIUM,0.2161,19909.31,28231,True,True,1116,0.1037,2023-04-28
MERCH_C3694FEB,"Morales, Henson and Wiley",LUXURY_GOODS,5999,HYBRID,IN,Bhopal,MP,23.314960546565505,77.35288240113654,LOW,0.1638,38362.28,20117,False,True,96,0.2094,2026-02-11
MERCH_0BA37B1E,"Ramsey, May and Cox",TELECOM,4813,ONLINE,IN,Pune,Maharashtra,18.485458369797854,73.92669684743801,LOW,0.0082,19512.42,47610,False,False,2217,0.0314,2020-04-22
MERCH_E24397AD,Rastogi PLC,CRYPTO_EXCHANGE,6051,PHYSICAL,IN,Mumbai,Maharashtra,19.13928738913913,72.91232540846894,MEDIUM,0.26,47334.27,1405,True,True,2836,0.5009,2018-08-12
MERCH_50BFB282,Khanna PLC,LUXURY_GOODS,5999,ONLINE,IN,Kolkata,West Bengal,22.609793082392933,88.39195557651499,LOW,0.1699,8278.97,6446,False,True,2722,0.142,2018-12-04
MERCH_CA808EBD,Hammond-Clements,FUEL,5541,ONLINE,IN,Bangalore,Karnataka,12.974062230380895,77.59134327322286,LOW,0.0212,12053.62,49755,False,False,667,0.0586,2024-07-20
MERCH_A84EBE5D,Bhattacharyya LLC,ELECTRONICS,5732,HYBRID,IN,Nagpur,Maharashtra,21.20469526820322,79.06328753461622,LOW,0.1416,33433.12,18288,False,True,1412,0.0685,2022-07-06
MERCH_4A35B9CF,"Rege, Kota and Tripathi",FUEL,5541,PHYSICAL,IN,Kochi,Kerala,9.953057485262198,76.208453705203,LOW,0.0455,12588.77,1244,False,False,752,0.0448,2024-04-26
MERCH_3C46DECF,Din Inc,FUEL,5541,HYBRID,IN,Bangalore,Karnataka,12.995049172115786,77.5388889443879,LOW,0.058,46243.22,41440,False,False,694,0.0336,2024-06-23
MERCH_2D498B73,"Upadhyay, Ray and Madan",UTILITY,4900,HYBRID,IN,Bhopal,MP,23.26810903799162,77.36252728420439,LOW,-0.0024,8459.4,40752,False,False,454,0.0127,2025-02-18
MERCH_757CA6FF,Ashley Group,FUEL,5541,PHYSICAL,IN,Ahmedabad,Gujarat,22.930353733062795,72.51963937114857,LOW,-0.0209,16178.48,24224,True,False,3448,0.0217,2016-12-08
MERCH_7C714C7B,Wason LLC,FASHION,5699,HYBRID,IN,Pune,Maharashtra,18.42923192679784,73.9735926823038,LOW,0.0205,46702.61,42564,False,False,45,0.05,2026-04-03
MERCH_85115120,Howe Group,GROCERY,5411,ONLINE,IN,Lucknow,UP,26.852802211735227,80.89302613332889,LOW,-0.0061,5913.05,8947,False,False,3560,0.0211,2016-08-18
MERCH_42508E7B,Schneider-Hill,HEALTHCARE,8099,ONLINE,IN,Hyderabad,Telangana,17.40105113753784,78.41724479520515,LOW,-0.016,12377.27,35248,False,False,2589,0.0159,2019-04-16
MERCH_52EA0CD5,"Salvi, Chand and Behl",ELECTRONICS,5732,HYBRID,IN,Delhi,Delhi,28.45955034290968,77.20645905116736,LOW,-0.0115,7736.53,22328,False,True,1259,0.1185,2022-12-06
MERCH_40B99B3F,Chaudry Group,EDUCATION,8299,PHYSICAL,IN,Bangalore,Karnataka,12.967951663145147,77.54362544311061,LOW,0.0588,1404.77,18737,False,False,2070,0.0121,2020-09-16
MERCH_ADDB3DB8,Wadhwa LLC,JEWELRY,5944,ONLINE,IN,Amritsar,Punjab,31.620553391132567,74.90467175437848,LOW,0.1314,16755.88,8158,True,True,2499,0.1068,2019-07-15
MERCH_C55285C5,Randolph-Ruiz,FUEL,5541,PHYSICAL,IN,Ahmedabad,Gujarat,22.990640950398497,72.64971868961145,LOW,0.062,37766.55,5270,False,False,231,0.042,2025-09-29
MERCH_936FD85A,Fowler Inc,TRAVEL,4722,ONLINE,IN,Surat,Gujarat,21.119137402359538,72.79221661858375,LOW,0.1261,4739.08,21890,True,False,441,0.0331,2025-03-03
MERCH_14DD05FF,Luna-Hamilton,FUEL,5541,ONLINE,IN,Hyderabad,Telangana,17.42957706659501,78.52210529858634,LOW,0.1349,23514.23,23716,False,False,2439,0.0243,2019-09-13
MERCH_215F20FD,Setty and Sons,ONLINE_GAMING,7993,HYBRID,IN,Ahmedabad,Gujarat,23.05013417191072,72.56426132327837,LOW,0.1839,40631.19,30872,True,True,365,0.2416,2025-05-18
MERCH_9FA1E2BF,Lang-Bradley,ONLINE_GAMING,7993,PHYSICAL,IN,Amritsar,Punjab,31.694801738791693,74.87432033341084,LOW,0.1777,13738.39,47881,False,True,1007,0.1375,2023-08-15
MERCH_74244994,"Jones, Jordan and Alvarado",MONEY_TRANSFER,4829,ONLINE,IN,Delhi,Delhi,28.685823138194763,77.22789729804938,MEDIUM,0.268,6896.9,38766,False,True,1790,0.2696,2021-06-23
MERCH_69D7D540,Behl-Sawhney,LUXURY_GOODS,5999,ONLINE,IN,Ahmedabad,Gujarat,23.012238168658676,72.53443318622628,LOW,0.1429,30302.27,145,False,True,2554,0.163,2019-05-21
MERCH_ED6E1681,Graham-Brown,CRYPTO_EXCHANGE,6051,HYBRID,IN,Jaipur,Rajasthan,26.935418958721183,75.67284676839317,MEDIUM,0.3721,12514.13,46650,True,True,2861,0.5244,2018-07-18
MERCH_56624351,Lata Ltd,RESTAURANT,5812,PHYSICAL,IN,Bangalore,Karnataka,12.995131592227859,77.62061219717707,LOW,-0.0331,47974.05,37705,True,False,2831,0.0213,2018-08-17
MERCH_F6CC5932,"Hall, Cook and Smith",ELECTRONICS,5732,ONLINE,IN,Mumbai,Maharashtra,19.09716208655243,72.92126632216939,LOW,0.1066,6249.88,24216,False,True,1723,0.0729,2021-08-29
MERCH_67F5DF9A,Gupta and Sons,LUXURY_GOODS,5999,ONLINE,IN,Nagpur,Maharashtra,21.163393625135793,79.06631187634105,MEDIUM,0.2376,19521.63,12370,False,True,2746,0.2445,2018-11-10
MERCH_E6F1A4C9,"Bakshi, Vasa and Gour",MONEY_TRANSFER,4829,PHYSICAL,IN,Jammu,J&K,32.7097524109324,74.91279483403913,MEDIUM,0.3009,3164.09,3955,False,True,2032,0.2561,2020-10-24
MERCH_3F9DD54C,Kari-Kapoor,CRYPTO_EXCHANGE,6051,PHYSICAL,IN,Bhopal,MP,23.28555984983455,77.44389582243078,MEDIUM,0.3511,21365.0,952,False,True,482,0.4419,2025-01-21
MERCH_3FA96B8C,Das-Dubey,FUEL,5541,ONLINE,IN,Nagpur,Maharashtra,21.179465563952032,79.0730518141955,LOW,0.0283,23894.08,25648,True,False,1454,0.0392,2022-05-25
MERCH_1FE2D430,"Dalal, Kurian and Chaudhuri",FASHION,5699,ONLINE,IN,Chennai,Tamil Nadu,13.052557663634396,80.23172944000176,LOW,0.0028,49326.01,36209,False,False,100,0.0574,2026-02-07
MERCH_53567B37,Wood-Patel,ELECTRONICS,5732,ONLINE,IN,Jaipur,Rajasthan,26.940216713505798,75.77728929448969,LOW,0.0536,39993.12,48966,False,True,2984,0.045,2018-03-17
MERCH_EE387426,"Travis, Lang and Marshall",ELECTRONICS,5732,PHYSICAL,IN,Ahmedabad,Gujarat,23.053351320013274,72.49306194249739,LOW,0.1526,33455.5,36485,False,True,1188,0.086,2023-02-15
MERCH_34AA207A,Alexander-Thomas,ONLINE_GAMING,7993,PHYSICAL,IN,Jammu,J&K,32.729272542028816,74.8669336040288,MEDIUM,0.3262,21044.34,22417,True,True,2194,0.1387,2020-05-15
MERCH_081867B8,Som-Thaman,ELECTRONICS,5732,PHYSICAL,IN,Surat,Gujarat,21.16953710266483,72.92144887423224,LOW,-0.0051,29351.0,41262,False,True,2982,0.1074,2018-03-19
MERCH_31E24455,Baxter LLC,EDUCATION,8299,ONLINE,IN,Hyderabad,Telangana,17.390814659636003,78.44202393935593,LOW,-0.0225,17908.34,49787,True,False,1586,0.0083,2022-01-13
MERCH_6513FC41,Smith-Brock,MONEY_TRANSFER,4829,ONLINE,IN,Bhopal,MP,23.251272546632194,77.39091736181561,MEDIUM,0.3381,44806.67,15208,False,True,2333,0.136,2019-12-28
MERCH_A66ADE21,Smith and Sons,FASHION,5699,HYBRID,IN,Bhopal,MP,23.259406785362717,77.47553060410452,LOW,0.0594,35949.71,14515,False,False,2221,0.0287,2020-04-18
MERCH_BF1D5DB4,Hall and Sons,ELECTRONICS,5732,ONLINE,IN,Delhi,Delhi,28.658565704238896,77.18378412493695,LOW,0.076,49566.65,42190,False,True,1080,0.076,2023-06-03
MERCH_7CBDC5DF,Dayal PLC,CRYPTO_EXCHANGE,6051,ONLINE,IN,Bangalore,Karnataka,12.939823580378553,77.62479042054947,HIGH,0.411,26890.87,41279,False,True,1425,0.2594,2022-06-23
MERCH_620174C0,Dewan-Saraf,TELECOM,4813,ONLINE,IN,Jaipur,Rajasthan,26.869962971192237,75.7228750042736,LOW,-0.0532,417.19,32133,False,False,2246,0.0215,2020-03-24
MERCH_C2F2C36E,Shukla-Bhat,ENTERTAINMENT,7922,HYBRID,IN,Lucknow,UP,26.881675450463018,80.93707081432578,LOW,0.1061,17513.04,23439,False,False,439,0.0528,2025-03-05
MERCH_B1F30493,"Virk, Batta and Chandran",ONLINE_GAMING,7993,ONLINE,IN,Mumbai,Maharashtra,19.14063510207729,72.86982536593239,MEDIUM,0.252,33398.2,12668,True,True,3056,0.1314,2018-01-04
MERCH_7C3E4698,"Smith, Martin and Brewer",RESTAURANT,5812,PHYSICAL,IN,Kolkata,West Bengal,22.543253561161208,88.29250456504128,LOW,0.0455,11358.7,8865,True,False,832,0.0368,2024-02-06
MERCH_162C58A0,Griffin and Sons,CRYPTO_EXCHANGE,6051,PHYSICAL,IN,Kochi,Kerala,9.958190664322812,76.22149485507633,MEDIUM,0.3679,34427.06,10474,False,True,2598,0.1777,2019-04-07
MERCH_296C6AB5,Carter-Lowe,EDUCATION,8299,PHYSICAL,IN,Delhi,Delhi,28.699641868118217,77.275008988472,LOW,0.0536,10668.08,10125,False,False,2213,0.0093,2020-04-26
MERCH_3DD8B108,Acharya Ltd,ONLINE_GAMING,7993,HYBRID,IN,Jaipur,Rajasthan,26.88895620597198,75.68623648976967,MEDIUM,0.2536,26590.2,38826,False,True,2953,0.2834,2018-04-17
MERCH_2C3B59DA,Koshy and Sons,HEALTHCARE,8099,HYBRID,IN,Nagpur,Maharashtra,21.086700943882963,78.97519999928602,LOW,0.0519,21301.83,40089,False,False,674,0.0189,2024-07-13
MERCH_378CF353,"Gilmore, Hawkins and Roberts",HEALTHCARE,8099,ONLINE,IN,Jaipur,Rajasthan,26.992425841331066,75.74729017305337,LOW,-0.0308,41797.62,12912,False,False,2513,0.0175,2019-07-01
MERCH_381041C7,"Lall, Sunder and Ramesh",FASHION,5699,ONLINE,IN,Bangalore,Karnataka,12.927923119983419,77.62393739224561,LOW,-0.0378,35043.45,7466,False,False,3612,0.0358,2016-06-27
MERCH_9281045C,Barker and Sons,JEWELRY,5944,ONLINE,IN,Delhi,Delhi,28.57867460523786,77.20018523028665,LOW,0.1289,6408.71,3376,False,True,2151,0.166,2020-06-27
MERCH_7632E69F,"Gonzalez, Garza and Spence",FUEL,5541,HYBRID,IN,Ahmedabad,Gujarat,23.00781986303631,72.60377339802855,LOW,-0.0031,27490.48,11735,True,False,2237,0.0396,2020-04-02
MERCH_13057079,Rowe-Small,CRYPTO_EXCHANGE,6051,ONLINE,IN,Chennai,Tamil Nadu,13.075855641202851,80.25017392649453,MEDIUM,0.3716,7476.33,29039,True,True,3318,0.4273,2017-04-17
MERCH_E64F9A67,Coleman-Fernandez,FUEL,5541,PHYSICAL,IN,Lucknow,UP,26.88126469791731,81.02984885656622,LOW,0.0605,39024.37,43623,False,False,1917,0.0545,2021-02-16
MERCH_42735233,"Gutierrez, Smith and Wilson",GROCERY,5411,ONLINE,IN,Bangalore,Karnataka,12.975912167323484,77.50386974470982,LOW,0.0359,29333.44,5465,False,False,1350,0.0196,2022-09-06
MERCH_CDEB12DB,Dyal-Bhagat,ELECTRONICS,5732,ONLINE,IN,Nagpur,Maharashtra,21.101289783276062,79.10757546757726,LOW,0.1369,30283.05,47185,True,True,3239,0.0683,2017-07-05
MERCH_E751C2A6,Daugherty-Moore,UTILITY,4900,HYBRID,IN,Hyderabad,Telangana,17.334037531189146,78.42047958869763,LOW,-0.0708,13114.12,5623,False,False,3285,0.0065,2017-05-20
MERCH_2E762840,Bir-Jain,TELECOM,4813,ONLINE,IN,Surat,Gujarat,21.158305159650798,72.86928634039626,LOW,-0.0546,25120.63,2832,False,False,2041,0.0291,2020-10-15
MERCH_160C410F,"Salazar, Smith and Olson",ENTERTAINMENT,7922,ONLINE,IN,Nagpur,Maharashtra,21.142762347762638,79.08601592334428,LOW,0.1258,13138.14,16146,False,False,137,0.0568,2026-01-01
MERCH_1B5C78BB,Baker-Martinez,FUEL,5541,PHYSICAL,IN,Kochi,Kerala,9.925075258846606,76.24888346685299,LOW,-0.0211,20707.32,17706,False,False,2995,0.0596,2018-03-06
MERCH_DECAADA4,Borah PLC,EDUCATION,8299,PHYSICAL,IN,Delhi,Delhi,28.652019808770895,77.13003341744361,LOW,0.0278,18828.74,2794,False,False,1529,0.0054,2022-03-11
MERCH_1B9B5276,Hernandez and Sons,TELECOM,4813,HYBRID,IN,Delhi,Delhi,28.663492527660555,77.14422194593594,LOW,0.0434,39347.51,1163,False,False,1695,0.0384,2021-09-26
MERCH_541AA0D9,Sandhu-Gole,ONLINE_GAMING,7993,ONLINE,IN,Chennai,Tamil Nadu,13.080967672589953,80.2861152724126,LOW,0.1752,6208.28,25718,True,True,294,0.2057,2025-07-28
MERCH_C5AB9741,Sinha Group,GROCERY,5411,HYBRID,IN,Jaipur,Rajasthan,26.785156197832148,75.84090482422889,LOW,0.0066,24972.52,16369,False,False,2592,0.0176,2019-04-13
MERCH_7E2AE555,"Kari, Chander and Vig",CRYPTO_EXCHANGE,6051,ONLINE,IN,Amritsar,Punjab,31.603911877721767,74.89424454844583,HIGH,0.4593,33682.69,9323,False,True,2683,0.3917,2019-01-12
MERCH_E4949FF0,Goodman-Powers,TRAVEL,4722,HYBRID,IN,Kolkata,West Bengal,22.540321575212932,88.34904578281962,LOW,-0.007,1133.4,27561,False,False,2166,0.0378,2020-06-12
MERCH_3679BD7A,Behl Ltd,ENTERTAINMENT,7922,PHYSICAL,IN,Pune,Maharashtra,18.557337801571098,73.84740713913085,LOW,0.0893,23152.07,2722,False,False,456,0.0396,2025-02-16
MERCH_49A4EC47,Joshi-Khosla,UTILITY,4900,PHYSICAL,IN,Kolkata,West Bengal,22.55654319611236,88.3737117811579,LOW,0.0556,20223.63,15062,False,False,1482,0.0087,2022-04-27
MERCH_828AF64B,Weaver-Gutierrez,ONLINE_GAMING,7993,HYBRID,IN,Surat,Gujarat,21.190999787234116,72.83416220064457,LOW,0.189,18925.83,26997,False,True,815,0.2726,2024-02-23
MERCH_6304ACBA,Wright-Calhoun,GROCERY,5411,HYBRID,IN,Ahmedabad,Gujarat,23.046007018281887,72.54005029390824,LOW,0.0488,49116.77,21778,False,False,3023,0.0127,2018-02-06
MERCH_8BA342DD,"Thakur, Jain and Chand",RESTAURANT,5812,PHYSICAL,IN,Lucknow,UP,26.84004647284682,80.9303270144629,LOW,0.0298,42662.97,15701,True,False,183,0.0215,2025-11-16
MERCH_AFE946C5,Tiwari-Kota,EDUCATION,8299,HYBRID,IN,Pune,Maharashtra,18.50949608141203,73.91479028590496,LOW,-0.0556,40354.58,6746,True,False,3423,0.0121,2017-01-02
MERCH_941BDCFE,Zachariah-Vyas,FASHION,5699,HYBRID,IN,Amritsar,Punjab,31.652581351430758,74.85454001882104,LOW,0.0961,2511.68,13066,True,False,1940,0.0237,2021-01-24
MERCH_1D61520C,"Robinson, Garcia and Thompson",CRYPTO_EXCHANGE,6051,ONLINE,IN,Jammu,J&K,32.780418829785184,74.90654386586652,MEDIUM,0.3976,1834.4,5085,False,True,917,0.4963,2023-11-13
MERCH_6E5B0489,Som-Sheth,TELECOM,4813,ONLINE,IN,Lucknow,UP,26.789468350478273,80.96023972754348,LOW,0.0425,20419.16,36261,False,False,1624,0.0307,2021-12-06
MERCH_D8BE19C5,Williams Ltd,GROCERY,5411,ONLINE,IN,Mumbai,Maharashtra,19.087215151285047,72.83901270254827,LOW,0.023,20809.63,36077,True,False,787,0.0219,2024-03-22
MERCH_60F601F6,Johnson LLC,GROCERY,5411,PHYSICAL,IN,Ahmedabad,Gujarat,22.986716818350477,72.63291448911608,LOW,-0.0032,24917.85,47842,True,False,2849,0.0296,2018-07-30
MERCH_E5AB260C,"Sule, Koshy and Krishna",ELECTRONICS,5732,PHYSICAL,IN,Bhopal,MP,23.209016177165605,77.35279274541364,LOW,0.1358,6782.92,3847,True,True,42,0.0883,2026-04-06
MERCH_0FAF1AAD,"Kumar, Chaudhary and Andra",ELECTRONICS,5732,HYBRID,IN,Amritsar,Punjab,31.619722073034808,74.93288394911407,LOW,0.1454,11369.62,26067,False,True,2648,0.0674,2019-02-16
MERCH_670DAD09,Swaminathan PLC,GROCERY,5411,HYBRID,IN,Chennai,Tamil Nadu,13.082065919716545,80.28979742926226,LOW,0.0529,30138.03,9741,True,False,3128,0.019,2017-10-24
MERCH_6EB0F0E0,"Banerjee, Soman and Agate",HEALTHCARE,8099,ONLINE,IN,Lucknow,UP,26.944187252133847,81.00999607408976,LOW,0.0491,34801.31,47938,True,False,1743,0.0204,2021-08-09
MERCH_EC5DF804,"Ganguly, Barad and Saha",ENTERTAINMENT,7922,PHYSICAL,IN,Delhi,Delhi,28.621594721153997,77.21807858619601,LOW,0.0431,21490.61,48792,True,False,3427,0.0597,2016-12-29
MERCH_E4605207,Choudhary-Dutta,ELECTRONICS,5732,ONLINE,IN,Chennai,Tamil Nadu,13.19394377828765,80.22571908464288,LOW,0.1967,43753.97,3679,False,True,1777,0.0563,2021-07-06
MERCH_389538F1,"Wilson, Dalton and West",UTILITY,4900,ONLINE,IN,Chandigarh,Punjab,30.786672275431293,76.72199558555631,LOW,0.096,3726.7,48884,True,False,2518,0.0145,2019-06-26
MERCH_E7809453,"Swaminathan, Basak and Issac",CRYPTO_EXCHANGE,6051,PHYSICAL,IN,Jaipur,Rajasthan,26.96258870368725,75.804325775839,MEDIUM,0.3998,27559.54,28639,False,True,1424,0.3449,2022-06-24
MERCH_66C39ACB,Barnes-Yang,TELECOM,4813,HYBRID,IN,Bhopal,MP,23.219329112723507,77.4274428529271,LOW,-0.0699,13262.77,49179,False,False,3155,0.0185,2017-09-27
MERCH_F5FD366B,Werner-Phillips,TRAVEL,4722,HYBRID,IN,Mumbai,Maharashtra,19.162662431385147,72.86958868457498,LOW,0.1191,17196.2,15609,False,False,3281,0.07,2017-05-24
MERCH_B23B0DDF,"Gandhi, Goswami and Yohannan",JEWELRY,5944,HYBRID,IN,Bhopal,MP,23.329826946938688,77.4098912859834,LOW,0.167,33384.58,29641,False,True,218,0.0777,2025-10-12
MERCH_83D0D1D8,"Reddy, Kulkarni and Amble",RESTAURANT,5812,HYBRID,IN,Amritsar,Punjab,31.618003435664015,74.86339507156022,LOW,0.0137,14538.55,37673,True,False,1538,0.0155,2022-03-02
MERCH_9EE2C637,Bansal-Kumar,FASHION,5699,HYBRID,IN,Jaipur,Rajasthan,26.86488424480761,75.76828539040777,LOW,0.0579,31335.53,40976,False,False,2417,0.035,2019-10-05
MERCH_AD1AE769,Bora Inc,TRAVEL,4722,HYBRID,IN,Nagpur,Maharashtra,21.12832646157688,79.14758106446085,LOW,-0.0073,18372.41,25222,False,False,397,0.0641,2025-04-16
MERCH_C7138B77,Soman-Keer,JEWELRY,5944,HYBRID,IN,Lucknow,UP,26.852948816784018,80.99551815181239,LOW,0.1583,39635.7,12793,False,True,2345,0.2086,2019-12-16
MERCH_3F9D82B3,Grant LLC,ELECTRONICS,5732,ONLINE,IN,Kolkata,West Bengal,22.564995174966633,88.3904292224336,LOW,0.0378,48458.59,26540,False,True,3467,0.1169,2016-11-19
MERCH_30E06636,"Sinha, Jain and Yadav",RESTAURANT,5812,PHYSICAL,IN,Bhopal,MP,23.115643891014415,77.4527860376841,LOW,-0.0172,22913.36,27424,False,False,2578,0.0159,2019-04-27
MERCH_D5CABEB8,Tandon-Shere,FASHION,5699,ONLINE,IN,Kolkata,West Bengal,22.528886872934812,88.47532462729114,LOW,0.0991,36247.62,34128,False,False,3099,0.033,2017-11-22
MERCH_6D9D0DFE,Devi-Badal,EDUCATION,8299,ONLINE,IN,Ahmedabad,Gujarat,23.104019707799715,72.64376615754983,LOW,0.0787,41417.88,22639,False,False,2160,0.0139,2020-06-18
MERCH_8E074ACA,"Dada, Goel and Sheth",ELECTRONICS,5732,HYBRID,IN,Chennai,Tamil Nadu,13.047495176739,80.24157342410413,LOW,-0.0407,27507.68,9699,False,True,2877,0.101,2018-07-02
MERCH_E010600A,Wright-Underwood,JEWELRY,5944,PHYSICAL,IN,Bhopal,MP,23.34693847700818,77.37136834963866,LOW,0.1412,31554.61,14247,True,True,2737,0.1473,2018-11-19
MERCH_9E7ECCB1,Jenkins LLC,ENTERTAINMENT,7922,HYBRID,IN,Hyderabad,Telangana,17.447998805278548,78.42922110014251,LOW,0.0297,40380.9,20608,False,False,2782,0.074,2018-10-05
MERCH_EFD8D91C,Lawson Ltd,ELECTRONICS,5732,HYBRID,IN,Jaipur,Rajasthan,26.949228129776532,75.82677095284315,LOW,0.094,38679.93,33409,True,True,3484,0.1119,2016-11-02
MERCH_2C8A2F63,"Chander, Sandhu and Taneja",GROCERY,5411,ONLINE,IN,Kolkata,West Bengal,22.646820100164447,88.3643561685625,LOW,0.0736,25743.54,39397,False,False,1989,0.0277,2020-12-06
MERCH_D25833B1,Gray Inc,FUEL,5541,HYBRID,IN,Delhi,Delhi,28.540496448355274,77.21510568629343,LOW,0.0826,9747.31,40150,False,False,508,0.0588,2024-12-26
MERCH_3ABEB4C9,Gardner and Sons,GROCERY,5411,PHYSICAL,IN,Delhi,Delhi,28.546139372398848,77.19703678382254,LOW,0.0397,14034.43,19254,False,False,301,0.0115,2025-07-21
MERCH_8EC97F41,Mall-Lall,HEALTHCARE,8099,HYBRID,IN,Delhi,Delhi,28.63099674916806,77.1085970918785,LOW,-0.0061,47476.24,42128,False,False,1886,0.0129,2021-03-19
MERCH_D73700B1,Saran-Bhat,EDUCATION,8299,PHYSICAL,IN,Ahmedabad,Gujarat,23.009094421930968,72.67686845857338,LOW,-0.0038,22088.41,39295,True,False,2641,0.0066,2019-02-23
MERCH_AD776D01,Knapp Group,FASHION,5699,HYBRID,IN,Chennai,Tamil Nadu,13.139657037406767,80.28929068777931,LOW,-0.0418,1071.18,6083,False,False,3003,0.0397,2018-02-26
MERCH_89C881D6,"Kar, Lalla and Tella",TELECOM,4813,ONLINE,IN,Chandigarh,Punjab,30.62687970462452,76.73301292670159,LOW,0.0498,3433.03,17321,True,False,225,0.0431,2025-10-05
MERCH_9EA46952,Graves PLC,LUXURY_GOODS,5999,ONLINE,IN,Bangalore,Karnataka,13.02373425935927,77.7092350117402,LOW,0.1975,15778.59,46902,False,True,829,0.1265,2024-02-09
MERCH_08CA45F6,Barad-Jayaraman,UTILITY,4900,HYBRID,IN,Hyderabad,Telangana,17.435113431380223,78.4620194568761,LOW,-0.0377,10325.36,10815,False,False,1943,0.0058,2021-01-21
MERCH_88AEBCCB,"Chada, Kadakia and Chaudhary",ONLINE_GAMING,7993,ONLINE,IN,Mumbai,Maharashtra,19.130144201170065,72.94114147085031,MEDIUM,0.2633,15956.02,30703,False,True,1585,0.2147,2022-01-14
MERCH_8176C92E,"Majumdar, Loke and Dara",EDUCATION,8299,ONLINE,IN,Chandigarh,Punjab,30.737194093301415,76.79866281492491,LOW,-0.1142,33427.02,19496,False,False,526,0.0109,2024-12-08
MERCH_4644EBDA,Mani Inc,ONLINE_GAMING,7993,HYBRID,IN,Lucknow,UP,26.885530753522737,81.03507146416005,MEDIUM,0.2318,21614.87,18712,False,True,225,0.1473,2025-10-05
MERCH_314BF218,Wable-Mangat,CRYPTO_EXCHANGE,6051,ONLINE,IN,Jaipur,Rajasthan,26.862776170581654,75.82414121344793,MEDIUM,0.3746,46391.43,30406,False,True,3437,0.3499,2016-12-19
MERCH_DBE3E4CE,Khosla-Dave,ONLINE_GAMING,7993,ONLINE,IN,Kolkata,West Bengal,22.575209436617964,88.44033027320684,MEDIUM,0.2296,29490.75,12003,True,True,337,0.1387,2025-06-15
MERCH_6BC5157A,Cohen Group,ENTERTAINMENT,7922,HYBRID,IN,Kolkata,West Bengal,22.52211703352186,88.44329666586016,LOW,-0.0234,39241.29,45058,False,False,2375,0.0367,2019-11-16
MERCH_88671463,Anne Group,ENTERTAINMENT,7922,ONLINE,IN,Ahmedabad,Gujarat,22.988997721209586,72.58944976638425,LOW,0.0664,34108.43,20919,False,False,3612,0.0419,2016-06-27
MERCH_250FED89,"Dayal, Atwal and Gera",FASHION,5699,HYBRID,IN,Mumbai,Maharashtra,19.008346836101335,72.83558933065734,LOW,0.0145,21491.59,44663,False,False,2048,0.0248,2020-10-08
MERCH_7704BE47,Estrada PLC,TELECOM,4813,PHYSICAL,IN,Delhi,Delhi,28.568983442510383,77.11881777975856,LOW,0.0676,43019.04,1063,False,False,1679,0.0151,2021-10-12
MERCH_BF2D3E61,Walsh-Aguilar,JEWELRY,5944,ONLINE,IN,Bangalore,Karnataka,13.001406960308492,77.65840963308999,LOW,0.1396,16461.74,10484,True,True,2728,0.134,2018-11-28
MERCH_BF10BA73,"Cox, Nunez and Campbell",EDUCATION,8299,ONLINE,IN,Mumbai,Maharashtra,19.20506407403599,72.85798176724435,LOW,-0.0664,7601.99,4825,False,False,3213,0.0127,2017-07-31
MERCH_C58908BF,"Hegde, Wable and Chaudry",ONLINE_GAMING,7993,ONLINE,IN,Bangalore,Karnataka,12.948061481233108,77.63912919963926,LOW,0.153,22890.61,38989,False,True,2367,0.2115,2019-11-24
MERCH_6B7D1973,Barton-Willis,LUXURY_GOODS,5999,HYBRID,IN,Ahmedabad,Gujarat,22.9787608634217,72.65497115745406,LOW,0.1354,6431.02,2526,False,True,1791,0.2337,2021-06-22
MERCH_43AE41E6,Anne and Sons,MONEY_TRANSFER,4829,HYBRID,IN,Bhopal,MP,23.252020280523176,77.37543193511037,LOW,0.1588,48456.37,42541,True,True,2975,0.3456,2018-03-26
MERCH_57252D57,Gay and Sons,HEALTHCARE,8099,PHYSICAL,IN,Amritsar,Punjab,31.58153192700736,74.83223443186327,LOW,-0.0296,25425.99,49278,False,False,2297,0.0239,2020-02-02
MERCH_E65ED213,Callahan-Phillips,FASHION,5699,ONLINE,IN,Bangalore,Karnataka,12.977386483927065,77.65698980684495,LOW,0.0976,22434.2,31350,True,False,1492,0.0508,2022-04-17
MERCH_A69B8171,Klein Inc,ONLINE_GAMING,7993,ONLINE,IN,Mumbai,Maharashtra,19.090531300750836,72.89533525575195,LOW,0.1533,31428.17,30288,False,True,2551,0.2064,2019-05-24
MERCH_1222C611,"Reilly, Munoz and Alexander",UTILITY,4900,HYBRID,IN,Chennai,Tamil Nadu,13.034924374400735,80.24651084955833,LOW,0.0059,24911.58,10136,False,False,3540,0.0063,2016-09-07
MERCH_40D3F1E8,"Handa, Thakkar and Kuruvilla",CRYPTO_EXCHANGE,6051,PHYSICAL,IN,Jammu,J&K,32.74365806188008,74.8562456759106,HIGH,0.4197,32213.12,44767,False,True,3101,0.2581,2017-11-20
MERCH_BA973589,Larson PLC,RESTAURANT,5812,ONLINE,IN,Jaipur,Rajasthan,26.860423896392394,75.70118838967471,LOW,0.0284,37802.8,25619,False,False,3646,0.0336,2016-05-24
MERCH_ACC8A08E,Rodriguez and Sons,FASHION,5699,HYBRID,IN,Delhi,Delhi,28.587061286754825,77.24618439899723,LOW,0.0259,42638.83,17634,True,False,155,0.0574,2025-12-14
MERCH_FB000DB9,Raju LLC,UTILITY,4900,PHYSICAL,IN,Nagpur,Maharashtra,21.161299861196948,79.13221083093367,LOW,0.084,40779.81,19328,True,False,2461,0.0075,2019-08-22
MERCH_182BC12E,Choudhry-Badami,JEWELRY,5944,ONLINE,IN,Jaipur,Rajasthan,26.975669260403105,75.68414638692691,LOW,0.0722,28672.46,6806,False,True,3263,0.0997,2017-06-11
MERCH_923BCE9F,Sawhney-Dyal,FUEL,5541,HYBRID,IN,Lucknow,UP,26.852478322036465,80.86635730061363,LOW,0.0092,46614.84,11708,False,False,794,0.0337,2024-03-15
MERCH_F3D956EF,"Chang, Bell and Lam",ONLINE_GAMING,7993,HYBRID,IN,Kolkata,West Bengal,22.560832947958826,88.37454706544148,MEDIUM,0.2334,39105.96,24301,True,True,1683,0.2721,2021-10-08
MERCH_B49CB468,Lala LLC,ELECTRONICS,5732,PHYSICAL,IN,Chandigarh,Punjab,30.804405777237783,76.7909641801392,LOW,0.1405,25994.86,25365,False,True,1542,0.0847,2022-02-26
MERCH_1E20C173,"Amble, Sachar and Kakar",GROCERY,5411,PHYSICAL,IN,Lucknow,UP,26.85249598509685,80.9515010817774,LOW,-0.0553,31443.57,7912,False,False,3126,0.0279,2017-10-26
MERCH_46E66AB3,Mason-Stout,FUEL,5541,HYBRID,IN,Hyderabad,Telangana,17.369579891157365,78.4882310669036,LOW,0.0724,26124.98,46232,False,False,2001,0.0294,2020-11-24
MERCH_D5A2CD9A,"Das, Bali and Tata",RESTAURANT,5812,ONLINE,IN,Bangalore,Karnataka,13.009332307433437,77.56956424263932,LOW,-0.0029,16405.71,21530,True,False,3464,0.0215,2016-11-22
MERCH_DF6EDDA3,"Warrior, Tella and Gaba",ONLINE_GAMING,7993,ONLINE,IN,Kochi,Kerala,9.95460004913698,76.21550831821375,MEDIUM,0.2489,42309.18,34425,True,True,2566,0.2598,2019-05-09
MERCH_3E63891C,Santana-Hart,FASHION,5699,ONLINE,IN,Lucknow,UP,26.853712701941888,80.9227848813139,LOW,0.1093,5544.32,5760,True,False,217,0.0342,2025-10-13
MERCH_3D6F0957,Dominguez and Sons,FASHION,5699,HYBRID,IN,Chandigarh,Punjab,30.75745662538684,76.77120982908534,LOW,-0.0279,29627.57,31041,False,False,2551,0.0442,2019-05-24
MERCH_6FD77AB7,Kakar-Raj,JEWELRY,5944,HYBRID,IN,Jammu,J&K,32.75271901706276,74.75987528170123,LOW,0.1464,17480.98,10718,False,True,57,0.2153,2026-03-22
MERCH_15716328,"Halder, Khalsa and Bhargava",ENTERTAINMENT,7922,PHYSICAL,IN,Bhopal,MP,23.303365413711408,77.36269100509995,LOW,0.0335,20834.08,49483,False,False,269,0.0471,2025-08-22
MERCH_782AC8C3,"Dhingra, Thakur and Doctor",TRAVEL,4722,PHYSICAL,IN,Kolkata,West Bengal,22.574678495793513,88.4690561188214,LOW,0.0146,14052.73,41480,False,False,596,0.0653,2024-09-29
MERCH_32E0246C,"Srinivasan, Bajwa and Deshmukh",EDUCATION,8299,HYBRID,IN,Lucknow,UP,26.86912727926333,80.9116220723825,LOW,-0.0012,25151.36,20008,False,False,3256,0.0141,2017-06-18
MERCH_4DF1A58D,Bhalla-Mall,FUEL,5541,ONLINE,IN,Bhopal,MP,23.27835016362816,77.42354756420578,LOW,0.1546,40100.91,24462,False,False,1391,0.0435,2022-07-27
MERCH_1F6D9EB6,Murray PLC,MONEY_TRANSFER,4829,ONLINE,IN,Bangalore,Karnataka,12.913222176768674,77.52159118888676,MEDIUM,0.24,49560.89,7634,False,True,998,0.3421,2023-08-24
MERCH_764B6907,Johnston Ltd,FUEL,5541,HYBRID,IN,Pune,Maharashtra,18.57155402546545,73.87683923177197,LOW,0.0143,27821.75,11987,False,False,52,0.0314,2026-03-27
MERCH_D29F5133,"Ortiz, Cook and Reynolds",TRAVEL,4722,HYBRID,IN,Amritsar,Punjab,31.584697469595316,74.9168415011889,LOW,0.1279,49755.51,32203,True,False,2179,0.0878,2020-05-30
MERCH_B4763814,"Douglas, Garcia and Riley",MONEY_TRANSFER,4829,HYBRID,IN,Bhopal,MP,23.207564390122034,77.48078930249501,MEDIUM,0.321,7570.26,467,True,True,1869,0.3365,2021-04-05
MERCH_77B59348,"Thakkar, Gola and Kapadia",ONLINE_GAMING,7993,ONLINE,IN,Kochi,Kerala,9.949250759016921,76.2613977090797,LOW,0.1776,11000.09,11379,False,True,1209,0.2615,2023-01-25
MERCH_DBBAF7CD,West-Ramos,ELECTRONICS,5732,HYBRID,IN,Chennai,Tamil Nadu,13.060448225847367,80.33033381929373,LOW,0.0934,453.51,20029,False,True,809,0.0447,2024-02-29
MERCH_01CCEFB4,Mullins Inc,GROCERY,5411,ONLINE,IN,Bangalore,Karnataka,12.921622250582459,77.62400099506274,LOW,0.0951,10277.46,36274,False,False,2158,0.0105,2020-06-20
MERCH_89A5ED5D,"Deo, Guha and Choudhry",ONLINE_GAMING,7993,PHYSICAL,IN,Jammu,J&K,32.72410033829804,74.87098586757483,LOW,0.1788,17569.38,30475,False,True,1684,0.2494,2021-10-07
MERCH_55BFFC94,Viswanathan-Sachar,EDUCATION,8299,ONLINE,IN,Jaipur,Rajasthan,26.840230285890758,75.85600838045045,LOW,0.0383,47112.67,21377,True,False,2011,0.0059,2020-11-14
MERCH_FAD22970,Sur-Wason,FASHION,5699,PHYSICAL,IN,Chandigarh,Punjab,30.706483925870465,76.8746578751983,LOW,-0.0363,35942.63,7975,False,False,2723,0.027,2018-12-03
MERCH_F8B13CBF,Ramesh-Balakrishnan,FASHION,5699,PHYSICAL,IN,Pune,Maharashtra,18.539100944498998,73.77817852462184,LOW,0.073,46297.17,43002,False,False,842,0.0274,2024-01-27
